Challenge Number,Challenge Name,Challenge Link,Level of Difficulty,Main Subject
1,Join to Range,https://community.alteryx.com/t5/Weekly-Challenge/Challenge-1-Join-to-Range/td-p/36621,Intermediate,"Parse,Preparation,Join,Data Preparation,Transform"
2,Preparing Delimited Data,https://community.alteryx.com/t5/Weekly-Challenge/Challenge-2-Preparing-Delimited-Data/td-p/36622,Basic,"Parse,Preparation,Data Preparation"
3,Running Averages,https://community.alteryx.com/t5/Weekly-Challenge/Challenge-3-Running-Averages/td-p/36814,Intermediate,"Parse,Preparation,Join,Data Preparation,Transform"
4,Date Parsing,https://community.alteryx.com/t5/Weekly-Challenge/Challenge-4-Date-Parsing/td-p/36731,Difficult,"Parse,Preparation,Data Analysis"
5,HR Position Finder Application,https://community.alteryx.com/t5/Weekly-Challenge/Challenge-5-HR-Position-Finder-Application/td-p/36732,Intermediate,"Preparation,Join,Transform,Apps,Interface"
6,Spatial Route,https://community.alteryx.com/t5/Weekly-Challenge/Challenge-6-Spatial-Route/td-p/36733,Intermediate,"Spatial Analysis,Spatial,Preparation"
7,Download Data and Parse JSON,https://community.alteryx.com/t5/Weekly-Challenge/Challenge-7-Download-Data-and-Parse-JSON/td-p/36734,Difficult,"Parse,Preparation,Data Analysis,Developer,Transform"
8,Aggregate Consumer Purchases,https://community.alteryx.com/t5/Weekly-Challenge/Challenge-8-Aggregate-Consumer-Purchases/td-p/36735,Basic,"Preparation,Data Analysis,Join,Transform"
9,Analytics Ranking,https://community.alteryx.com/t5/Weekly-Challenge/Challenge-9-Analytics-Ranking/td-p/36736,Basic,"Preparation,Data Analysis"
10,Date Time Calculations,https://community.alteryx.com/t5/Weekly-Challenge/Challenge-10-Date-Time-Calculations/td-p/36737,Intermediate,"Preparation,Data Analysis"
11,Identify Logical Groups,https://community.alteryx.com/t5/Weekly-Challenge/Challenge-11-Identify-Logical-Groups/td-p/36739,Intermediate,"Parse,Data Analysis,Join,Transform"
12,Creating an HR Hierarchy,https://community.alteryx.com/t5/Weekly-Challenge/Challenge-12-Creating-an-HR-Hierarchy/td-p/36740,Difficult,"Preparation,Join,Macros,Interface"
13,HTML Table Parsing,https://community.alteryx.com/t5/Weekly-Challenge/Challenge-13-HTML-Table-Parsing/td-p/36741,Difficult,"Parse,Preparation,Data Analysis,Transform"
14,Warehouse Distribution,https://community.alteryx.com/t5/Weekly-Challenge/Challenge-14-Warehouse-Distribution/td-p/36743,Intermediate,"Preparation,Join,Transform,Macros"
15,Warehouse Shipped Miles,https://community.alteryx.com/t5/Weekly-Challenge/Challenge-15-Warehouse-Shipped-Miles/td-p/36744,Basic,"Spatial Analysis,Spatial,Preparation,Join,Transform"
16,Parsing Out the New-line Character,https://community.alteryx.com/t5/Weekly-Challenge/Challenge-16-Parsing-Out-the-New-line-Character/td-p/36745,Basic,"Parse,Preparation,Data Preparation"
17,Month-over-Month Retention Rate,https://community.alteryx.com/t5/Weekly-Challenge/Challenge-17-Month-over-Month-Retention-Rate/td-p/36746,Difficult,"Parse,Preparation,Join,Transform,Macros,Interface"
18,Predicting Baseball Wins,https://community.alteryx.com/t5/Weekly-Challenge/Challenge-18-Predicting-Baseball-Wins/td-p/36747,Intermediate,"Data Investigation,Preparation,Predictive,Join,Transform,Predictive Analysis"
19,Excel Record Locator,https://community.alteryx.com/t5/Weekly-Challenge/Challenge-19-Excel-Record-Locator/td-p/36748,Basic,"Preparation,Data Analysis,Transform"
20,List Parsing,https://community.alteryx.com/t5/Weekly-Challenge/Challenge-20-List-Parsing/td-p/36749,Difficult,"Parse,Preparation,Data Analysis,Transform"
21,Date Reformatting,https://community.alteryx.com/t5/Weekly-Challenge/Challenge-21-Date-Reformatting/td-p/36750,Basic,"Preparation,Data Analysis,Data Preparation"
22,Identify Values to Aggregate,https://community.alteryx.com/t5/Weekly-Challenge/Challenge-22-Identify-Values-to-Aggregate/td-p/36751,Intermediate,"Parse,Preparation,Data Preparation,Transform"
23,Parsing CPG Data,https://community.alteryx.com/t5/Weekly-Challenge/Challenge-23-Parsing-CPG-Data/td-p/36752,Difficult,"Preparation,Data Analysis,Join,Transform"
24,ARIMA Time Series,https://community.alteryx.com/t5/Weekly-Challenge/Challenge-24-ARIMA-Time-Series/td-p/36426,Intermediate,"Preparation,Time Series,Join,Transform,Predictive Analysis"
25,Creating Merchant Combos,https://community.alteryx.com/t5/Weekly-Challenge/Challenge-25-Creating-Merchant-Combos/td-p/36427,Intermediate,"Preparation,Join,Data Preparation,Transform"
26,Service Technician Travel Distance,https://community.alteryx.com/t5/Weekly-Challenge/Challenge-26-Service-Technician-Travel-Distance/td-p/36428,Intermediate,"Spatial Analysis,Spatial,Preparation,Join,Transform"
27,Spatial Telco Coverage Smoothing,https://community.alteryx.com/t5/Weekly-Challenge/Challenge-27-Spatial-Telco-Coverage-Smoothing/td-p/36429,Intermediate,"Spatial Analysis,Spatial,Preparation,Transform"
28,Formatting Financial Data,https://community.alteryx.com/t5/Weekly-Challenge/Challenge-28-Formatting-Financial-Data/td-p/36431,Intermediate,"Preparation,Data Analysis,Developer,Join,Data Preparation"
29,"Alteryx '16 Grand Prix (Race1, L1)",https://community.alteryx.com/t5/Weekly-Challenge/Challenge-29-Alteryx-16-Grand-Prix-Race1-L1/td-p/36432,Intermediate,"Preparation,Developer,Join,Data Preparation"
30,"Alteryx '16 Grand Prix (Race 1, L2)",https://community.alteryx.com/t5/Weekly-Challenge/Challenge-30-Alteryx-16-Grand-Prix-Race-1-L2/td-p/36433,Basic,"Data Investigation,Preparation,Data Analysis,Join,Transform"
31,"Alteryx '16 Grand Prix (Race 2, L1)",https://community.alteryx.com/t5/Weekly-Challenge/Challenge-31-Alteryx-16-Grand-Prix-Race-2-L1/td-p/36434,Intermediate,"Preparation,Developer,Join,Data Preparation"
32,"Alteryx '16 Grand Prix (Race 2, L2)",https://community.alteryx.com/t5/Weekly-Challenge/Challenge-32-Alteryx-16-Grand-Prix-Race-2-L2/td-p/36435,Intermediate,"Spatial Analysis,Spatial,Preparation,Join,Transform"
33,Reshaping Nielsen Data,https://community.alteryx.com/t5/Weekly-Challenge/Challenge-33-Reshaping-Nielsen-Data/td-p/36436,Intermediate,"Preparation,Join,Data Preparation"
34,Date-Time Formatting,https://community.alteryx.com/t5/Weekly-Challenge/Challenge-34-Date-Time-Formatting/td-p/36437,Difficult,"Parse,Preparation,Macros,Interface"
35,Data Cleansing Practice,https://community.alteryx.com/t5/Weekly-Challenge/Challenge-35-Data-Cleansing-Practice/td-p/36438,Basic,"Parse,Preparation,Data Analysis"
36,Data Cleansing Extract Authors,https://community.alteryx.com/t5/Weekly-Challenge/Challenge-36-Data-Cleansing-Extract-Authors/td-p/36439,Intermediate,"Preparation,Data Analysis,Join,Transform"
37,Parsing a Raw XML File,https://community.alteryx.com/t5/Weekly-Challenge/Challenge-37-Parsing-a-Raw-XML-File/td-p/36577,Intermediate,"Parse,Preparation,Data Analysis,Transform"
38,Data Blending for Batch Output,https://community.alteryx.com/t5/Weekly-Challenge/Challenge-38-Data-Blending-for-Batch-Output/td-p/36578,Basic,"Preparation,Join,Data Preparation"
39,Trouble Shooting a Broken Macro,https://community.alteryx.com/t5/Weekly-Challenge/Challenge-39-Trouble-Shooting-a-Broken-Macro/td-p/36580,Intermediate,"Preparation,Join,Transform,Macros,Interface"
40,Parsing a HTML File,https://community.alteryx.com/t5/Weekly-Challenge/Challenge-40-Parsing-a-HTML-File/td-p/36581,Intermediate,"Preparation,Join,Data Preparation,Transform"
41,Analytics PayPeriodCalc,https://community.alteryx.com/t5/Weekly-Challenge/Challenge-41-Analytics-PayPeriodCalc/td-p/36582,Basic,"Parse,Preparation,Data Preparation,Transform"
42,Inspire Europe '16 Grand Prix (L1),https://community.alteryx.com/t5/Weekly-Challenge/Challenge-42-Inspire-Europe-16-Grand-Prix-L1/td-p/36596,Intermediate,"Preparation,Data Analysis,Join,Transform"
43,Inspire Europe '16 Grand Prix (L2),https://community.alteryx.com/t5/Weekly-Challenge/Challenge-43-Inspire-Europe-16-Grand-Prix-L2/td-p/36598,Intermediate,"Spatial Analysis,Spatial,Parse,Preparation,Data Analysis,Join"
44,Inspire Europe '16 Grand Prix (L3),https://community.alteryx.com/t5/Weekly-Challenge/Challenge-44-Inspire-Europe-16-Grand-Prix-L3/td-p/36601,Intermediate,"Preparation,Predictive,Data Analysis,Transform,Predictive Analysis"
45,Parsing Bureau of Labor Data,https://community.alteryx.com/t5/Weekly-Challenge/Challenge-45-Parsing-Bureau-of-Labor-Data/td-p/36604,Difficult,"Parse,Preparation,Data Analysis,Developer"
46,Formatting a Date from an Integer,https://community.alteryx.com/t5/Weekly-Challenge/Challenge-46-Formatting-a-Date-from-an-Integer/td-p/40308,Basic,"Preparation,Data Preparation"
47,Vehicle Identification Number Test,https://community.alteryx.com/t5/Weekly-Challenge/Challenge-47-Vehicle-Identification-Number-Test/td-p/40309,Intermediate,"Parse,Preparation,Data Analysis,Join,Data Preparation,Transform"
48,Calculating Distribution Priority,https://community.alteryx.com/t5/Weekly-Challenge/Challenge-48-Calculating-Distribution-Priority/td-p/40310,Intermediate,"Spatial Analysis,Spatial,Preparation,Join,Transform"
49,Reformatting Transactional Data,https://community.alteryx.com/t5/Weekly-Challenge/Challenge-49-Reformatting-Transactional-Data/td-p/40311,Basic,"Preparation,Join,Data Preparation,Transform"
50,Preparing Survey Data,https://community.alteryx.com/t5/Weekly-Challenge/Challenge-50-Preparing-Survey-Data/td-p/40312,Intermediate,"Preparation,Data Analysis,Join,Transform"
51,Spatial County Coverage,https://community.alteryx.com/t5/Weekly-Challenge/Challenge-51-Spatial-County-Coverage/td-p/40313,Intermediate,"Spatial Analysis,Spatial,Preparation,Join,Transform"
52,Solving the Knapsack Problem,https://community.alteryx.com/t5/Weekly-Challenge/Challenge-52-Solving-the-Knapsack-Problem/td-p/42761,Difficult,"Preparation,Data Analysis,Join,Transform,Macros,Interface"
53,Parsing Report Formatted Data,https://community.alteryx.com/t5/Weekly-Challenge/Challenge-53-Parsing-Report-Formatted-Data/td-p/43449,Intermediate,"Parse,Preparation,Data Analysis,Developer,Data Preparation,Transform,Macros"
54,Data Prep Address Parsing,https://community.alteryx.com/t5/Weekly-Challenge/Challenge-54-Data-Prep-Address-Parsing/td-p/44255,Basic,"Parse,Preparation,Join,Data Preparation"
55,2013 Alteryx Grand Prix (L1),https://community.alteryx.com/t5/Weekly-Challenge/Challenge-55-2013-Alteryx-Grand-Prix-L1/td-p/44954,Intermediate,"Preparation,Data Analysis,Join,Transform"
56,Parsing and Counting Hashtags,https://community.alteryx.com/t5/Weekly-Challenge/Challenge-56-Parsing-and-Counting-Hashtags/td-p/45704,Intermediate,"Parse,Preparation,Data Analysis,Transform"
57,Build a Valentine's Day App,https://community.alteryx.com/t5/Weekly-Challenge/Challenge-57-Build-a-Valentine-s-Day-App/td-p/46372,Intermediate,"Spatial,Preparation,Apps,Interface"
58,An Odd String to Date Conversion,https://community.alteryx.com/t5/Weekly-Challenge/Challenge-58-An-Odd-String-to-Date-Conversion/td-p/47283,Basic,"Parse,Preparation,Data Preparation"
59,Is it an Anagram?,https://community.alteryx.com/t5/Weekly-Challenge/Challenge-59-Is-it-an-Anagram/td-p/47963,Intermediate,"Parse,Data Analysis,Join,Transform"
60,Fill in the Spatial Object,https://community.alteryx.com/t5/Weekly-Challenge/Challenge-60-Fill-in-the-Spatial-Object/td-p/48852,Intermediate,"Spatial Analysis,Spatial,Transform"
61,Save the Astronaut,https://community.alteryx.com/t5/Weekly-Challenge/Challenge-61-Save-the-Astronaut/td-p/49826,Difficult,"Parse,Preparation,Data Analysis,Developer,Join,Transform"
62,Find the Duplicate Clicks,https://community.alteryx.com/t5/Weekly-Challenge/Challenge-62-Find-the-Duplicate-Clicks/td-p/50755,Intermediate,"Preparation,Data Analysis"
63,Data Preperation Using Pivot Tools,https://community.alteryx.com/t5/Weekly-Challenge/Challenge-63-Data-Preperation-Using-Pivot-Tools/td-p/51613,Intermediate,"Preparation,Data Analysis,Developer"
64,Catch Me If You Can,https://community.alteryx.com/t5/Weekly-Challenge/Challenge-64-Catch-Me-If-You-Can/td-p/52805,Intermediate,"Preparation,Developer,Data Preparation"
65,Fulfilling Inventory Orders,https://community.alteryx.com/t5/Weekly-Challenge/Challenge-65-Fulfilling-Inventory-Orders/td-p/54168,Basic,"Preparation,Data Analysis,Join"
66,My Wine Problem,https://community.alteryx.com/t5/Weekly-Challenge/Challenge-66-My-Wine-Problem/td-p/55487,Intermediate,"Preparation,Transform,Macros,Interface"
67,Calculate Spatial Angles,https://community.alteryx.com/t5/Weekly-Challenge/Challenge-67-Calculate-Spatial-Angles/td-p/56663,Intermediate,"Spatial Analysis,Spatial,Preparation,Transform"
68,Elapsed Classroom Times,https://community.alteryx.com/t5/Weekly-Challenge/Challenge-68-Elapsed-Classroom-Times/td-p/57766,Basic,"Preparation,Data Analysis"
69,Web Stock Data,https://community.alteryx.com/t5/Weekly-Challenge/Challenge-69-Web-Stock-Data/td-p/58944,Basic,"Parse,Preparation,Data Preparation"
70,Trade Area Drivetime Radii,https://community.alteryx.com/t5/Weekly-Challenge/Challenge-70-Trade-Area-Drivetime-Radii/td-p/60111,Basic,"Spatial Analysis,Spatial,Transform"
71,Recreate SQL Joins in Alteryx,https://community.alteryx.com/t5/Weekly-Challenge/Challenge-71-Recreate-SQL-Joins-in-Alteryx/td-p/61226,Intermediate,"Join,Data Preparation"
72,Compare Data Sets (Fields/Columns),https://community.alteryx.com/t5/Weekly-Challenge/Challenge-72-Compare-Data-Sets-Fields-Columns/td-p/62463,Intermediate,"Preparation,Developer,Join,Data Preparation,Reporting"
73,Plinko Probabilities,https://community.alteryx.com/t5/Weekly-Challenge/Challenge-73-Plinko-Probabilities/td-p/63284,Difficult,"Parse,Preparation,Data Analysis,Join,Transform"
74,Build a Factorial Calculator,https://community.alteryx.com/t5/Weekly-Challenge/Challenge-74-Build-a-Factorial-Calculator/td-p/65932,Basic,"Preparation,Transform,Macros,Interface"
75,Scrabble Word Finder,https://community.alteryx.com/t5/Weekly-Challenge/Challenge-75-Scrabble-Word-Finder/td-p/67658,Difficult,"Parse,Preparation,Data Analysis,Join,Data Preparation"
76,Strava Export Parse and Report,https://community.alteryx.com/t5/Weekly-Challenge/Challenge-76-Strava-Export-Parse-and-Report/td-p/70645,Intermediate,"Spatial Analysis,Spatial,Parse,Data Analysis,Data Preparation,Reporting"
77,Extending Spatial Lines,https://community.alteryx.com/t5/Weekly-Challenge/Challenge-77-Extending-Spatial-Lines/td-p/71644,Intermediate,"Spatial,Preparation,Macros,Interface"
78,Find the Best Housing Markets,https://community.alteryx.com/t5/Weekly-Challenge/Challenge-78-Find-the-Best-Housing-Markets/td-p/72772,Intermediate,"Parse,Preparation,Data Analysis,Developer,Join,Data Preparation"
79,Find the Closest Prime Number,https://community.alteryx.com/t5/Weekly-Challenge/Challenge-79-Find-the-Closest-Prime-Number/td-p/73857,Intermediate,"Preparation,Join,Transform,Apps,Macros,Interface"
80,Slowly Changing Dimensions,https://community.alteryx.com/t5/Weekly-Challenge/Challenge-80-Slowly-Changing-Dimensions/td-p/75108,Intermediate,"Preparation,Data Analysis,Join"
81,Multi-Level Bill of Materials Problem,https://community.alteryx.com/t5/Weekly-Challenge/Challenge-81-Multi-Level-Bill-of-Materials-Problem/td-p/76162,Intermediate,"Preparation,Join,Macros,Interface"
82,Are You in the Path of the Solar Eclipse?,https://community.alteryx.com/t5/Weekly-Challenge/Challenge-82-Are-You-in-the-Path-of-the-Solar-Eclipse/td-p/77420,Intermediate,"Spatial Analysis,Spatial,Parse,Preparation,Developer,Join,Data Preparation"
83,Pop-Tart and Beer Pairings,https://community.alteryx.com/t5/Weekly-Challenge/Challenge-83-Pop-Tart-and-Beer-Pairings/td-p/78489,Intermediate,"Parse,Preparation,Data Analysis,Join,Data Preparation"
84,Map Hurricane Harvey's Storm Evolution,https://community.alteryx.com/t5/Weekly-Challenge/Challenge-84-Map-Hurricane-Harvey-s-Storm-Evolution/td-p/79533,Intermediate,"Spatial Analysis,Spatial,Data Analysis,Join,Transform,Macros,Interface"
85,How Did Tara Place in Competition?,https://community.alteryx.com/t5/Weekly-Challenge/Challenge-85-How-Did-Tara-Place-in-Competition/td-p/80465,Intermediate,"Parse,Preparation,Data Analysis,Join,Data Preparation,Transform"
86,Create a Macro that Generates Past Dates,https://community.alteryx.com/t5/Weekly-Challenge/Challenge-86-Create-a-Macro-that-Generates-Past-Dates/td-p/81499,Intermediate,"Macros,Interface"
87,Losing Daylight,https://community.alteryx.com/t5/Weekly-Challenge/Challenge-87-Losing-Daylight/td-p/82751,Basic,"Parse,Preparation,Data Analysis,Data Preparation"
88,Counting Combinations,https://community.alteryx.com/t5/Weekly-Challenge/Challenge-88-Counting-Combinations/td-p/84007,Basic,"Preparation,Data Preparation,Transform"
89,Analyzing Social Data,https://community.alteryx.com/t5/Weekly-Challenge/Challenge-89-Analyzing-Social-Data/td-p/85353,Intermediate,"Parse,Preparation,Data Analysis,Join,Data Preparation,Transform,Apps,Interface"
90,Analyzing Social Data (Part 2),https://community.alteryx.com/t5/Weekly-Challenge/-Challenge-90-Analyzing-Social-Data-Part-2/td-p/86215,Difficult,"Reporting and Visualization,Data Analysis,Reporting"
91,Getting into the Weeds,https://community.alteryx.com/t5/Weekly-Challenge/Challenge-91-Getting-into-the-Weeds/td-p/87285,Difficult,"Parse,Preparation,Data Analysis,Developer,Join,Data Preparation,Reporting,Apps,Interface"
92,The Blob!,https://community.alteryx.com/t5/Weekly-Challenge/Challenge-92-The-Blob/td-p/88609,Basic,"Preparation,Developer,Data Preparation,Reporting"
93,Pumpkin Production,https://community.alteryx.com/t5/Weekly-Challenge/Challenge-93-Pumpkin-Production/td-p/89929,Basic,"Parse,Preparation,Data Analysis,Developer,Join,Data Preparation,Transform"
94,Have we reached Peak Pumpkin?,https://community.alteryx.com/t5/Weekly-Challenge/Challenge-94-Have-we-reached-Peak-Pumpkin/td-p/91028,Difficult,"Data Investigation,Parse,Preparation,Time Series,Macros,Predictive Analysis"
95,Draw 1000 Apples in Under 60 Seconds,https://community.alteryx.com/t5/Weekly-Challenge/Challenge-95-Draw-1000-Apples-in-Under-60-Seconds/td-p/92153,Difficult,"Data Investigation,Spatial Analysis,Reporting and Visualization,Spatial,Parse,Data Analysis,Developer,Join,Reporting,Transform"
96,Who Stole my Latte?,https://community.alteryx.com/t5/Weekly-Challenge/Challenge-96-Who-Stole-my-Latte/td-p/93224,Intermediate,"Parse,Preparation,Data Analysis,Developer,Join,Data Preparation,Reporting"
97,SANTALYTICS 2017 - Part 1,https://community.alteryx.com/t5/Weekly-Challenge/Challenge-97-SANTALYTICS-2017-Part-1/td-p/94569,Intermediate,"Preparation,Developer,Join,Data Preparation,Reporting"
98,SANTALYTICS 2017 - Part 2,https://community.alteryx.com/t5/Weekly-Challenge/Challenge-98-SANTALYTICS-2017-Part-2/td-p/95596,Intermediate,"Reporting and Visualization,Preparation,Data Analysis,Join,Reporting"
99,SANTALYTICS 2017 - Part 3,https://community.alteryx.com/t5/Weekly-Challenge/Challenge-99-SANTALYTICS-2017-Part-3/td-p/104120,Difficult,"Parse,Preparation,Data Analysis,Join,Transform"
100,Find Ned!,https://community.alteryx.com/t5/Weekly-Challenge/Challenge-100-Find-Ned/td-p/112000,Difficult,"Spatial Analysis,Spatial,Preparation,Data Analysis,Transform"
101,The Search for Powder,https://community.alteryx.com/t5/Weekly-Challenge/Challenge-101-The-Search-for-Powder/td-p/119201,Intermediate,"Spatial Analysis,Spatial,Parse,Preparation,Data Analysis,Join,Transform,Macros,Interface"
102,Tabulating Flu Data,https://community.alteryx.com/t5/Weekly-Challenge/Challenge-102-Tabulating-Flu-Data/td-p/121475,Basic,"Preparation,Developer,Data Preparation,Transform"
103,Just another game?,https://community.alteryx.com/t5/Weekly-Challenge/Challenge-103-Just-another-game/td-p/124399,Difficult,"Data Investigation,Parse,Preparation,Predictive,Data Analysis,Developer,Join,Data Preparation,Predictive Analysis"
104,Love's not the only thing in the air!,https://community.alteryx.com/t5/Weekly-Challenge/Challenge-104-Love-s-not-the-only-thing-in-the-air/td-p/134546,Basic,"Reporting and Visualization,Parse,Preparation,Data Analysis,Join,Reporting,Transform"
105,Think Like a CSE… Tools are missing!,https://community.alteryx.com/t5/Weekly-Challenge/Challenge-105-Think-Like-a-CSE-Tools-are-missing/td-p/139505,Intermediate,"Reporting and Visualization,Parse,Data Analysis,Developer,Reporting,Macros"
106,How Long were the Lights On?,https://community.alteryx.com/t5/Weekly-Challenge/Challenge-106-How-Long-were-the-Lights-On/td-p/142023,Basic,"Preparation,Data Analysis,Transform"
107,Plot Employment Rates by Gender in the US,https://community.alteryx.com/t5/Weekly-Challenge/Challenge-107-Plot-Employment-Rates-by-Gender-in-the-US/td-p/143971,Difficult,"Reporting and Visualization,Preparation,Data Analysis,Reporting"
108,HeLa Cell Multiplication,https://community.alteryx.com/t5/Weekly-Challenge/Challenge-108-HeLa-Cell-Multiplication/td-p/146051,Intermediate,"Preparation,Data Analysis,Join,Transform,Macros,Interface"
109,Women in Government Around the World,https://community.alteryx.com/t5/Weekly-Challenge/Challenge-109-Women-in-Government-Around-the-World/td-p/147982,Basic,"Reporting and Visualization,Preparation,Data Analysis,Reporting,Transform"
110,Think Like a CSE...Reduce the manual inputs!,https://community.alteryx.com/t5/Weekly-Challenge/Challenge-110-Think-Like-a-CSE-Reduce-the-manual-inputs/td-p/150128,Intermediate,"Preparation,Data Analysis,Join,Data Preparation,Apps,Macros,Interface"
111,Make a Weekly Challenge Dream Team!,https://community.alteryx.com/t5/Weekly-Challenge/Challenge-111-Make-a-Weekly-Challenge-Dream-Team/td-p/152406,Intermediate,"Preparation,Join,Data Preparation,Transform"
112,Organizing Survey Data,https://community.alteryx.com/t5/Weekly-Challenge/Challenge-112-Organizing-Survey-Data/td-p/154577,Intermediate,"Preparation,Data Analysis,Developer,Data Preparation,Transform"
113,Interpolating Spatial Grid Values,https://community.alteryx.com/t5/Weekly-Challenge/Challenge-113-Interpolating-Spatial-Grid-Values/td-p/156677,Difficult,"Spatial Analysis,Spatial,Preparation,Join,Transform"
114,Think Like a CSE...Remove the extra delimiter from the JSON output,https://community.alteryx.com/t5/Weekly-Challenge/Challenge-114-Think-Like-a-CSE-Remove-the-extra-delimiter-from-the-JSON-output/td-p/158892,Intermediate,"Developer,Data Preparation,Transform"
115,Let's get crafty!,https://community.alteryx.com/t5/Weekly-Challenge/Challenge-115-Let-s-get-crafty/td-p/160773,Intermediate,"Preparation,Join,Transform,Apps"
116,A Symphony of Parsing Tools!,https://community.alteryx.com/t5/Weekly-Challenge/Challenge-116-A-Symphony-of-Parsing-Tools/td-p/162575,Difficult,"Parse,Preparation,Data Analysis,Developer,Join,Transform"
117,Credit/Debit Midpoints,https://community.alteryx.com/t5/Weekly-Challenge/Challenge-117-Credit-Debit-Midpoints/td-p/164604,Intermediate,"Parse,Preparation,Data Analysis,Join,Transform"
118,Think Like a CSE - A not-so-wild-wildcard input!,https://community.alteryx.com/t5/Weekly-Challenge/Challenge-118-Think-Like-a-CSE-A-not-so-wild-wildcard-input/td-p/167049,Intermediate,"Preparation,Data Preparation,Macros"
119,Inspire Weekly Challenge,https://community.alteryx.com/t5/Weekly-Challenge/Challenge-119-Inspire-Weekly-Challenge/td-p/169776,Intermediate,"Parse,Preparation,Data Analysis,Join,Data Preparation,Transform,Macros"
120,Popular Baby Names,https://community.alteryx.com/t5/Weekly-Challenge/Challenge-120-Popular-Baby-Names/td-p/171607,Basic,"Parse,Preparation,Data Analysis,Developer,Join,Data Preparation,Transform"
121,World Cup 2018!,https://community.alteryx.com/t5/Weekly-Challenge/Challenge-121-World-Cup-2018/td-p/174392,Basic,"Parse,Preparation,Data Analysis,Join,Data Preparation,Transform"
122,Think Like a CSE...Ranking Data,https://community.alteryx.com/t5/Weekly-Challenge/Challenge-122-Think-Like-a-CSE-Ranking-Data/td-p/177006,Intermediate,"Preparation,Data Preparation"
123,When will Rabbits Rule the World?,https://community.alteryx.com/t5/Weekly-Challenge/Challenge-123-When-will-Rabbits-Rule-the-World/td-p/179283,Intermediate,"Preparation,Data Analysis,Data Preparation,Transform,Macros"
124,Air Transport Network Analysis,https://community.alteryx.com/t5/Weekly-Challenge/Challenge-124-Air-Transport-Network-Analysis/td-p/181118,Difficult,"Preparation,Predictive,Join,Data Preparation,Transform"
125,US Grand Prix Lap 1 - Data Prep,https://community.alteryx.com/t5/Weekly-Challenge/Challenge-125-US-Grand-Prix-Lap-1-Data-Prep/td-p/183577,Basic,"Data Investigation,Preparation,Join,Data Preparation"
126,Fill in the [Date] Gaps,https://community.alteryx.com/t5/Weekly-Challenge/Challenge-126-Fill-in-the-Date-Gaps/td-p/186140,Intermediate,"Preparation,Data Analysis,Data Preparation,Transform"
127,US Grand Prix Lap 2 - Employee Retention,https://community.alteryx.com/t5/Weekly-Challenge/Challenge-127-US-Grand-Prix-Lap-2-Employee-Retention/td-p/190401,Intermediate,"Preparation,Predictive,Data Preparation"
128,Settle the Score,https://community.alteryx.com/t5/Weekly-Challenge/Challenge-128-Settle-the-Score/td-p/193783,Basic,"Parse,Preparation,Data Analysis,Data Preparation,Transform"
129,US Grand Prix Lap 3 - Where to Host an Event,https://community.alteryx.com/t5/Weekly-Challenge/Challenge-129-US-Grand-Prix-Lap-3-Where-to-Host-an-Event/td-p/196386,Intermediate,"Spatial Analysis,Spatial,Preparation,Predictive,Join,Data Preparation,Transform,Predictive Analysis"
130,Is There an Echo in Here?,https://community.alteryx.com/t5/Weekly-Challenge/Challenge-130-Is-There-an-Echo-in-Here/td-p/206817,Intermediate,"Parse,Data Analysis"
131,Think Like a CSE... The R Error Message: cannot allocate vector of size...,https://community.alteryx.com/t5/Weekly-Challenge/Challenge-131-Think-Like-a-CSE-The-R-Error-Message-cannot-allocate-vector-of-size/td-p/255771,Difficult,"Preparation,Predictive,Data Preparation,Transform,Macros"
132,"When Will Community Hit 1,000,000 Posts?",https://community.alteryx.com/t5/Weekly-Challenge/Challenge-132-When-Will-Community-Hit-1-000-000-Posts/td-p/300509,Intermediate,"Preparation,Predictive,Join,Data Preparation,Transform"
133,US Grand Prix Prelims - NASA Location Analysis,https://community.alteryx.com/t5/Weekly-Challenge/Challenge-133-US-Grand-Prix-Prelims-NASA-Location-Analysis/td-p/302783,Intermediate,"Spatial Analysis,Spatial,Preparation,Join,Data Preparation,Transform"
134,US Grand Prix Prelims - Email Dates,https://community.alteryx.com/t5/Weekly-Challenge/Challenge-134-US-Grand-Prix-Prelims-Email-Dates/td-p/305168,Intermediate,"Preparation,Predictive,Data Preparation"
135,Locker Problem,https://community.alteryx.com/t5/Weekly-Challenge/Challenge-135-Locker-Problem/td-p/307345,Intermediate,"Preparation,Data Preparation,Macros,Interface"
136,Cleudo!,https://community.alteryx.com/t5/Weekly-Challenge/Challenge-136-Cleudo/td-p/310027,Difficult,"Spatial Analysis,Spatial,Parse,Data Analysis,Join,Data Preparation,Transform"
137,Find the Closest 'Dry' Point!,https://community.alteryx.com/t5/Weekly-Challenge/Challenge-137-Find-the-Closest-Dry-Point/td-p/312564,Basic,"Preparation,Data Analysis,Join,Data Preparation,Transform"
138,World Series Wins,https://community.alteryx.com/t5/Weekly-Challenge/Challenge-138-World-Series-Wins/td-p/313934,Basic,"Parse,Preparation,Data Analysis,Join,Data Preparation,Transform"
139,Spooky API Connection,https://community.alteryx.com/t5/Weekly-Challenge/Challenge-139-Spooky-API-Connection/td-p/317303,Intermediate,"Parse,Preparation,Data Analysis,Join,Data Preparation,Transform"
140,Prove the Birthday Paradox!,https://community.alteryx.com/t5/Weekly-Challenge/Challenge-140-Prove-the-Birthday-Paradox/td-p/320958,Intermediate,"Preparation,Data Analysis,Data Preparation,Transform"
141,Examination Data Simulation,https://community.alteryx.com/t5/Weekly-Challenge/Challenge-141-Examination-Data-Simulation/td-p/326336,Difficult,"Preparation,Data Analysis,Join,Reporting,Transform,Macros"
142,"Life Certainties - Workflows, Death, and Taxes",https://community.alteryx.com/t5/Weekly-Challenge/Challenge-142-Life-Certainties-Workflows-Death-and-Taxes/td-p/330214,Basic,"Preparation,Developer,Join,Data Preparation,Transform"
143,Developer Community Anniversary Edition,https://community.alteryx.com/t5/Weekly-Challenge/Challenge-143-Developer-Community-Anniversary-Edition/td-p/333201,Difficult,"Join,Data Preparation,Transform,Macros"
144,Secret Santa Assignments (BAH HUMBUG!),https://community.alteryx.com/t5/Weekly-Challenge/Challenge-144-Secret-Santa-Assignments-BAH-HUMBUG/td-p/336967,Basic,"Preparation,Join,Data Preparation"
145,SANTALYTICS 2018 - Part 1,https://community.alteryx.com/t5/Weekly-Challenge/Challenge-145-SANTALYTICS-2018-Part-1/td-p/340333,Basic,"Preparation,Data Analysis,Developer,Data Preparation,Transform,Macros"
146,SANTALYTICS 2018 - Part 2,https://community.alteryx.com/t5/Weekly-Challenge/Challenge-146-SANTALYTICS-2018-Part-2/td-p/343664,Intermediate,Data Analysis
147,EMEA Grand Prix Prelims - Time Series,https://community.alteryx.com/t5/Weekly-Challenge/Challenge-147-EMEA-Grand-Prix-Prelims-Time-Series/td-p/350469,Intermediate,"Preparation,Predictive,Developer,Data Preparation,Predictive Analysis"
148,Rotating Century Puzzle,https://community.alteryx.com/t5/Weekly-Challenge/Challenge-148-Rotating-Century-Puzzle/td-p/353651,Difficult,"Preparation,Data Analysis,Join"
149,Market Overlap,https://community.alteryx.com/t5/Weekly-Challenge/Challenge-149-Market-Overlap/td-p/358011,Intermediate,"Spatial Analysis,Spatial,Preparation,Join,Transform"
150,Have the Stars Aligned?!,https://community.alteryx.com/t5/Weekly-Challenge/Challenge-150-Have-the-Stars-Aligned/td-p/361804,Intermediate,"Data Analysis,Join,Reporting"
151,Meta Parsing,https://community.alteryx.com/t5/Weekly-Challenge/Challenge-151-Meta-Parsing/td-p/365772,Intermediate,"Preparation,Data Analysis,Join,Transform"
152,Finding Vehicle Counts,https://community.alteryx.com/t5/Weekly-Challenge/Challenge-152-Finding-Vehicle-Counts/td-p/369637,Intermediate,"Calgary,Preparation,Join,Data Preparation"
153,And the Oscar goes to...,https://community.alteryx.com/t5/Weekly-Challenge/Challenge-153-And-the-Oscar-goes-to/td-p/377790,Intermediate,Apps
154,Permute the Data,https://community.alteryx.com/t5/Weekly-Challenge/Challenge-154-Permute-the-Data/td-p/382208,Difficult,"Parse,Preparation,Data Analysis,Join,Data Preparation,Macros"
155,March Cryptanalytics,https://community.alteryx.com/t5/Weekly-Challenge/Challenge-155-March-Cryptanalytics/td-p/386367,Intermediate,"Parse,Preparation,Data Analysis,Join,Transform"
156,What Position Should You Play?,https://community.alteryx.com/t5/Weekly-Challenge/Challenge-156-What-Position-Should-You-Play/td-p/390284,Intermediate,"Parse,Preparation,Data Analysis,Join,Data Preparation,Transform"
157,An Expert Challenge,https://community.alteryx.com/t5/Weekly-Challenge/Challenge-157-An-Expert-Challenge/td-p/393423,Difficult,"Predictive,Data Preparation,Predictive Analysis"
158,Personality Quiz,https://community.alteryx.com/t5/Weekly-Challenge/Challenge-158-Personality-Quiz/td-p/396569,Intermediate,"Preparation,Data Analysis,Join,Reporting,Apps,Interface"
159,April ENcyptanalytics,https://community.alteryx.com/t5/Weekly-Challenge/Challenge-159-April-ENcyptanalytics/td-p/399783,Difficult,"Parse,Preparation,Data Analysis,Join,Data Preparation,Transform"
160,Diamonds R Forever,https://community.alteryx.com/t5/Weekly-Challenge/Challenge-160-Diamonds-R-Forever/td-p/402662,Difficult,"Preparation,Predictive,Data Analysis,Join,Data Preparation,Transform"
161,"Triangles, Triangles, Triangles",https://community.alteryx.com/t5/Weekly-Challenge/Challenge-161-Triangles-Triangles-Triangles/td-p/405511,Intermediate,"Spatial Analysis,Preparation,Join,Data Preparation"
162,Mondays....they're Marvel-ous!,https://community.alteryx.com/t5/Weekly-Challenge/Challenge-162-Mondays-they-re-Marvel-ous/td-p/408483,Intermediate,"Parse,Preparation,Data Analysis,Join,Data Preparation"
163,Caesar Cipher (on the way to Kryptos),https://community.alteryx.com/t5/Weekly-Challenge/Challenge-163-Caesar-Cipher-on-the-way-to-Kryptos/td-p/411540,Intermediate,"Parse,Preparation,Data Analysis,Data Preparation,Transform"
164,Retail Therapy,https://community.alteryx.com/t5/Weekly-Challenge/Challenge-164-Retail-Therapy/td-p/414754,Basic,"Preparation,Data Analysis,Join,Data Preparation,Transform"
165,KRYPTOS!!!,https://community.alteryx.com/t5/Weekly-Challenge/Challenge-165-KRYPTOS/td-p/418114,Difficult,"Parse,Preparation,Data Analysis,Join,Data Preparation,Transform"
166,I'm Gonna Be (500 Miles) - at Inspire,https://community.alteryx.com/t5/Weekly-Challenge/Challenge-166-I-m-Gonna-Be-500-Miles-at-Inspire/td-p/420899,Intermediate,"Spatial Analysis,Spatial,Preparation,Data Analysis,Join,Data Preparation,Reporting,Transform"
167,Grand Prix 2019,https://community.alteryx.com/t5/Weekly-Challenge/Challenge-167-Grand-Prix-2019/td-p/422601,Basic,"Parse,Preparation,Join,Data Preparation,Transform"
168,Dice Game - Born to Solve,https://community.alteryx.com/t5/Weekly-Challenge/Challenge-168-Dice-Game-Born-to-Solve/td-p/427239,Intermediate,"Parse,Preparation,Data Analysis,Join,Data Preparation,Transform"
169,Women's World Cup Wins,https://community.alteryx.com/t5/Weekly-Challenge/Challenge-169-Women-s-World-Cup-Wins/td-p/430886,Basic,"Preparation,Data Analysis,Join,Data Preparation,Transform"
170,2019 Grand Prix US - Heat 1,https://community.alteryx.com/t5/Weekly-Challenge/Challenge-170-2019-Grand-Prix-US-Heat-1/td-p/433797,Intermediate,"Preparation,Predictive,Join,Data Preparation,Transform"
171,2019 Grand Prix US - Heat 2,https://community.alteryx.com/t5/Weekly-Challenge/Challenge-171-2019-Grand-Prix-US-Heat-2/td-p/436155,Intermediate,"Data Analysis,Data Preparation,Transform"
172,2019 Grand Prix US - Heat 3,https://community.alteryx.com/t5/Weekly-Challenge/Challenge-172-2019-Grand-Prix-US-Heat-3/td-p/439097,Intermediate,"Spatial Analysis,Spatial,Preparation,Data Analysis,Join,Transform,Macros"
173,Tour de France - Crow Edition,https://community.alteryx.com/t5/Weekly-Challenge/Challenge-173-Tour-de-France-Crow-Edition/td-p/441852,Basic,"Spatial Analysis,Spatial,Preparation,Join,Reporting,Transform"
174,Appyhay Ondaymay!,https://community.alteryx.com/t5/Weekly-Challenge/Challenge-174-Appyhay-Ondaymay/td-p/444846,Intermediate,"Parse,Preparation,Join,Transform,Macros,Interface"
175,Tire Size Calculator,https://community.alteryx.com/t5/Weekly-Challenge/Challenge-175-Tire-Size-Calculator/td-p/447639,Difficult,"Parse,Preparation,Transform,Apps,Interface"
176,Math Class Drill,https://community.alteryx.com/t5/Weekly-Challenge/Challenge-176-Math-Class-Drill/td-p/450500,Intermediate,"Preparation,Data Analysis,Join,Transform"
177,Ham Hamlet,https://community.alteryx.com/t5/Weekly-Challenge/Challenge-177-Ham-Hamlet/td-p/453710,Difficult,"Parse,Preparation,Data Analysis,Join,Data Preparation,Transform"
178,Chuck Like a Woodchuck,https://community.alteryx.com/t5/Weekly-Challenge/Challenge-178-Chuck-Like-a-Woodchuck/td-p/456288,Intermediate,"Parse,Preparation,Data Analysis,Join,Transform"
179,Calculating Order Status,https://community.alteryx.com/t5/Weekly-Challenge/Challenge-179-Calculating-Order-Status/td-p/458254,Intermediate,"Parse,Preparation,Data Analysis,Developer,Join"
180,Thousand File Challenge,https://community.alteryx.com/t5/Weekly-Challenge/Challenge-180-Thousand-File-Challenge/td-p/461356,Difficult,"Preparation,Join,Transform,Macros,Interface"
181,Ingredients of an Old Southern,https://community.alteryx.com/t5/Weekly-Challenge/Challenge-181-Ingredients-of-an-Old-Southern/td-p/464549,Intermediate,"Parse,Preparation,Data Analysis,Developer,Join"
182,Word Sleuthing,https://community.alteryx.com/t5/Weekly-Challenge/Challenge-182-Word-Sleuthing/td-p/467649,Basic,"Parse,Preparation,Data Analysis,Join"
183,Roman Numeral Math,https://community.alteryx.com/t5/Weekly-Challenge/Challenge-183-Roman-Numeral-Math/td-p/470370,Difficult,"Parse,Preparation,Data Analysis,Developer,Join,Transform"
184,Closest Pubs to Tobacco Dock,https://community.alteryx.com/t5/Weekly-Challenge/Challenge-184-Closest-Pubs-to-Tobacco-Dock/td-p/473331,Intermediate,"Spatial Analysis,Spatial,Preparation,Reporting,Transform"
185,Amplify your Learning with Weekly Challenges!,https://community.alteryx.com/t5/Weekly-Challenge/Challenge-185-Amplify-your-Learning-with-Weekly-Challenges/td-p/476179,Intermediate,"Preparation,Data Analysis,Join,Transform"
186,Drilling down into Data Analysis,https://community.alteryx.com/t5/Weekly-Challenge/Challenge-186-Drilling-down-into-Data-Analysis/td-p/478673,Intermediate,"Preparation,Data Analysis,Join,Transform"
187,Generate Prime Numbers,https://community.alteryx.com/t5/Weekly-Challenge/Challenge-187-Generate-Prime-Numbers/td-p/481556,Intermediate,"Preparation,Data Analysis"
188,"Difficult, but not im-parse-able",https://community.alteryx.com/t5/Weekly-Challenge/Challenge-188-Difficult-but-not-im-parse-able/td-p/484587,Difficult,"Parse,Preparation,Data Analysis,Join"
189,Billboard Top 100,https://community.alteryx.com/t5/Weekly-Challenge/Challenge-189-Billboard-Top-100/td-p/487627,Basic,"Preparation,Data Analysis,Join,Transform"
190,Supply Chain Management Challenge,https://community.alteryx.com/t5/Weekly-Challenge/Challenge-190-Supply-Chain-Management-Challenge/td-p/490686,Intermediate,"Parse,Preparation,Data Analysis,Join,Data Preparation,Transform"
191,BINGO!,https://community.alteryx.com/t5/Weekly-Challenge/Challenge-191-BINGO/td-p/495204,"Basic,Intermediate,Difficult","Preparation,Join,Data Preparation,Reporting,Transform,Interface"
192,Crane Leasing,https://community.alteryx.com/t5/Weekly-Challenge/Challenge-192-Crane-Leasing/td-p/497304,Intermediate,"Parse,Preparation,Data Analysis,Join,Data Preparation,Transform"
193,Unofficial Holidays,https://community.alteryx.com/t5/Weekly-Challenge/Challenge-193-Unofficial-Holidays/td-p/500029,Basic,"Parse,Preparation,Data Preparation"
194,SANTALYTICS 2019,https://community.alteryx.com/t5/Weekly-Challenge/Challenge-194-SANTALYTICS-2019/td-p/502921,Basic,"Parse,Preparation,Data Analysis,Developer,Reporting"
195,XML Parsing,https://community.alteryx.com/t5/Weekly-Challenge/Challenge-195-XML-Parsing/td-p/505892,Difficult,"Parse,Preparation,Data Analysis"
196,Determine Profit Margin,https://community.alteryx.com/t5/Weekly-Challenge/Challenge-196-Determine-Profit-Margin/td-p/507424,Intermediate,"Parse,Preparation,Join,Data Preparation,Transform"
197,Customer Density Reporting,https://community.alteryx.com/t5/Weekly-Challenge/Challenge-197-Customer-Density-Reporting/td-p/509620,Intermediate,"Spatial Analysis,Spatial,Preparation,Join,Reporting,Transform"
198,Beverage Inventory,https://community.alteryx.com/t5/Weekly-Challenge/Challenge-198-Beverage-Inventory/td-p/512894,Intermediate,"Preparation,Data Analysis,Join,Data Preparation,Transform"
199,Let's all go to the movies!,https://community.alteryx.com/t5/Weekly-Challenge/Challenge-199-Let-s-all-go-to-the-movies/td-p/516542,Intermediate,"Spatial Analysis,Spatial,Preparation,Join,Data Preparation,Reporting,Transform"
200,Sudoku Solver,https://community.alteryx.com/t5/Weekly-Challenge/Challenge-200-Sudoku-Solver/td-p/519517,"Basic,Intermediate,Difficult","Parse,Preparation,Data Analysis,Join,Transform"
201,Wage Ain't Nothin' but a Number,https://community.alteryx.com/t5/Weekly-Challenge/Challenge-201-Wage-Ain-t-Nothin-but-a-Number/td-p/522398,Intermediate,"Preparation,Data Analysis,Join,Reporting"
202,Love Poetry,https://community.alteryx.com/t5/Weekly-Challenge/Challenge-202-Love-Poetry/td-p/525535,Intermediate,"Parse,Preparation,Transform,Apps,Interface"
203,Everyone loves a toll booth,https://community.alteryx.com/t5/Weekly-Challenge/Challenge-203-Everyone-loves-a-toll-booth/td-p/529637,Intermediate,"Parse,Preparation,Data Analysis,Join,Transform"
204,Updating Brazil,https://community.alteryx.com/t5/Weekly-Challenge/Challenge-204-Updating-Brazil/td-p/532468,Intermediate,"Spatial Analysis,Spatial,Preparation,Join,Transform"
205,Taynalysis,https://community.alteryx.com/t5/Weekly-Challenge/Challenge-205-Taynalysis/td-p/535857,Basic,"Parse,Preparation,Join,Data Preparation,Transform"
206,Hotel Reservations,https://community.alteryx.com/t5/Weekly-Challenge/Challenge-206-Hotel-Reservations/td-p/539029,Basic,"Parse,Preparation,Data Preparation,Transform"
207,Parsing Video Game Data,https://community.alteryx.com/t5/Weekly-Challenge/Challenge-207-Parsing-Video-Game-Data/td-p/541880,Intermediate,"Parse,Preparation,Data Analysis,Developer,Join"
208,COVIZ-19,https://community.alteryx.com/t5/Weekly-Challenge/Challenge-208-COVIZ-19/td-p/545132,Difficult,"Parse,Preparation,Data Analysis,Join,Reporting"
209,Parsing Insurance Claims,https://community.alteryx.com/t5/Weekly-Challenge/Challenge-209-Parsing-Insurance-Claims/td-p/548470,Difficult,"Parse,Preparation,Data Analysis,Join,Transform"
210,Better Late Than Never,https://community.alteryx.com/t5/Weekly-Challenge/Challenge-210-Better-Late-Than-Never/td-p/551930,Intermediate,"Parse,Preparation,Data Analysis,Join,Transform"
211,Generating Email Addresses,https://community.alteryx.com/t5/Weekly-Challenge/Challenge-211-Generating-Email-Addresses/td-p/554858,Basic,"Parse,Preparation,Data Analysis,Transform"
212,Draft Masters,https://community.alteryx.com/t5/Weekly-Challenge/Challenge-212-Draft-Masters/td-p/558276,Basic,"Preparation,Join,Data Preparation,Transform"
213,Optimized Flower Arrangements,https://community.alteryx.com/t5/Weekly-Challenge/Challenge-213-Optimized-Flower-Arrangements/td-p/561687,Intermediate,Predictive
214,US Military and High Points,https://community.alteryx.com/t5/Weekly-Challenge/Challenge-214-US-Military-and-High-Points/td-p/565058,Intermediate,"Spatial,Parse,Preparation,Data Analysis,Transform"
215,Gotta Catch 'em All!,https://community.alteryx.com/t5/Weekly-Challenge/Challenge-215-Gotta-Catch-em-All/td-p/568146,Intermediate,"Preparation,Transform,Apps,Interface"
216,The Big Five,https://community.alteryx.com/t5/Weekly-Challenge/Challenge-216-The-Big-Five/td-p/572284,Intermediate,"Preparation,Data Analysis,Join,Transform"
217,A Fast Blast From The Past,https://community.alteryx.com/t5/Weekly-Challenge/Challenge-217-A-Fast-Blast-From-The-Past/td-p/576962,Intermediate,"Preparation,Data Analysis,Join,Transform"
218,Car Sales Reporting,https://community.alteryx.com/t5/Weekly-Challenge/Challenge-218-Car-Sales-Reporting/td-p/580155,Intermediate,Reporting
219,Who Runs The World? Girls,https://community.alteryx.com/t5/Weekly-Challenge/Challenge-219-Who-Runs-The-World-Girls/td-p/584238,Basic,"Parse,Preparation,Data Preparation"
220,Hedge Detection,https://community.alteryx.com/t5/Weekly-Challenge/Challenge-220-Hedge-Detection/td-p/588104,Difficult,"Spatial Analysis,Spatial,Preparation"
221,Avocado Consumption,https://community.alteryx.com/t5/Weekly-Challenge/Challenge-221-Avocado-Consumption/td-p/591942,Intermediate,"Preparation,Data Analysis,Transform"
222,Where There's a Whale There's a Way,https://community.alteryx.com/t5/Weekly-Challenge/Challenge-222-Where-There-s-a-Whale-There-s-a-Way/td-p/595535,Basic,"Preparation,Data Analysis,Join"
223,Going Nuclear,https://community.alteryx.com/t5/Weekly-Challenge/Challenge-223-Going-Nuclear/td-p/598870,Intermediate,"Preparation,Data Analysis,Join,Transform"
224,Mushroom for Improvement,https://community.alteryx.com/t5/Weekly-Challenge/Challenge-224-Mushroom-for-Improvement/td-p/602542,Intermediate,Data Preparation
225,How Long Has It Been?,https://community.alteryx.com/t5/Weekly-Challenge/Challenge-225-How-Long-Has-It-Been/td-p/606415,Intermediate,"Apps,Interface"
226,Flex-Ability,https://community.alteryx.com/t5/Weekly-Challenge/Challenge-226-Flex-Ability/td-p/610213,Basic,"Spatial Analysis,Spatial,Transform"
227,/*comments*/,https://community.alteryx.com/t5/Weekly-Challenge/Challenge-227-comments/td-p/613469,Intermediate,Data Preparation
228,Know Your Boundaries,https://community.alteryx.com/t5/Weekly-Challenge/Challenge-228-Know-Your-Boundaries/td-p/616748,Difficult,"Spatial Analysis,Spatial,Preparation,Join,Transform"
229,Trend Analysis,https://community.alteryx.com/t5/Weekly-Challenge/Challenge-229-Trend-Analysis/td-p/619999,Intermediate,Reporting
230,"Take a Look, It's in a Book!",https://community.alteryx.com/t5/Weekly-Challenge/Challenge-230-Take-a-Look-It-s-in-a-Book/td-p/623764,Intermediate,"Parse,Preparation,Data Preparation,Reporting,Transform"
231,What a Combo!,https://community.alteryx.com/t5/Weekly-Challenge/Challenge-231-What-a-Combo/td-p/626971,Intermediate,"Parse,Preparation,Data Analysis,Join,Transform"
232,That's Sew 2020,https://community.alteryx.com/t5/Weekly-Challenge/Challenge-232-That-s-Sew-2020/td-p/630342,Intermediate,"Preparation,Data Analysis,Join,Transform"
233,The Truth Is Out There,https://community.alteryx.com/t5/Weekly-Challenge/Challenge-233-The-Truth-Is-Out-There/td-p/633048,Intermediate,"Spatial,Preparation,Data Analysis,Join,Reporting,Transform"
234,Spell It Out For Me - Part 1,https://community.alteryx.com/t5/Weekly-Challenge/Challenge-234-Spell-It-Out-For-Me-Part-1/td-p/636318,Intermediate,"Parse,Preparation,Data Preparation,Transform"
235,Spell It Out For Me - Part 2,https://community.alteryx.com/t5/Weekly-Challenge/Challenge-235-Spell-It-Out-For-Me-Part-2/td-p/640995,Intermediate,"Preparation,Join,Data Preparation,Transform"
236,I Thought It Was Channel Surfing?,https://community.alteryx.com/t5/Weekly-Challenge/Challenge-236-I-Thought-It-Was-Channel-Surfing/td-p/644740,Intermediate,"Spatial Analysis,Spatial,Preparation,Reporting,Transform"
237,Wareki,https://community.alteryx.com/t5/Weekly-Challenge/Challenge-237-Wareki/td-p/648486,Intermediate,"Parse,Preparation,Join,Macros,Interface"
238,Ideal Gases Don't Exist,https://community.alteryx.com/t5/Weekly-Challenge/Challenge-238-Ideal-Gases-Don-t-Exist/td-p/652289,Intermediate,"Preparation,Transform,Apps,Interface"
239,SEND + MORE = MONEY,https://community.alteryx.com/t5/Weekly-Challenge/Challenge-239-SEND-MORE-MONEY/td-p/655912,Intermediate,"Preparation,Data Analysis,Join,Transform"
240,Every Vote Counts!,https://community.alteryx.com/t5/Weekly-Challenge/Challenge-240-Every-Vote-Counts/td-p/659897,Intermediate,"Preparation,Join,Transform,Macros"
241,Friday the 13th,https://community.alteryx.com/t5/Weekly-Challenge/Challenge-241-Friday-the-13th/td-p/663110,Intermediate,"Preparation,Data Preparation,Transform"
242,Meet Me Halfway,https://community.alteryx.com/t5/Weekly-Challenge/Challenge-242-Meet-Me-Halfway/td-p/666670,Intermediate,"Spatial Analysis,Spatial,Parse,Preparation,Transform"
243,Odd Man Out,https://community.alteryx.com/t5/Weekly-Challenge/Challenge-243-Odd-Man-Out/td-p/670289,Intermediate,"Preparation,Developer,Join,Data Preparation,Transform"
244,Cats and Dogs,https://community.alteryx.com/t5/Weekly-Challenge/Challenge-244-Cats-and-Dogs/td-p/673330,Intermediate,Reporting
245,Zip It Real Good,https://community.alteryx.com/t5/Weekly-Challenge/Challenge-245-Zip-It-Real-Good/td-p/676980,Intermediate,"Parse,Preparation,Join,Data Preparation"
246,Rectangle Tangle,https://community.alteryx.com/t5/Weekly-Challenge/Challenge-246-Rectangle-Tangle/td-p/680194,Intermediate,"Spatial,Preparation,Join,Macros,Interface"
247,Pairing Partners,https://community.alteryx.com/t5/Weekly-Challenge/Challenge-247-Pairing-Partners/td-p/683230,Intermediate,"Preparation,Join,Data Preparation,Transform"
248,Holidates,https://community.alteryx.com/t5/Weekly-Challenge/Challenge-248-Holidates/td-p/685824,Basic,"Preparation,Data Analysis,Join"
249,Highlights,https://community.alteryx.com/t5/Weekly-Challenge/Challenge-249-Highlights/td-p/688115,Intermediate,"Preparation,Data Analysis,Join,Reporting,Transform"
250,Give Me A Sign,https://community.alteryx.com/t5/Weekly-Challenge/Challenge-250-Give-Me-A-Sign/td-p/702454,Difficult,"Parse,Preparation,Join,Reporting,Transform,Apps,Interface"
251,Lunacy,https://community.alteryx.com/t5/Weekly-Challenge/Challenge-251-Lunacy/td-p/706082,Difficult,"Spatial Analysis,Spatial,Preparation,Join"
252,Working Days Remaining,https://community.alteryx.com/t5/Weekly-Challenge/Challenge-252-Working-Days-Remaining/td-p/708644,Intermediate,"Parse,Preparation,Join,Macros,Interface"
253,Delivery Dates,https://community.alteryx.com/t5/Weekly-Challenge/Challenge-253-Delivery-Dates/td-p/711689,Basic,"Preparation,Data Analysis,Join"
254,DATA-DRIVEN COCKTAIL RECIPE - PART 1,https://community.alteryx.com/t5/Weekly-Challenge/Challenge-254-DATA-DRIVEN-COCKTAIL-RECIPE-PART-1/td-p/714928,Intermediate,"Preparation,Predictive,Join,Transform,Predictive Analysis"
255,DATA-DRIVEN COCKTAIL RECIPE - Part 2,https://community.alteryx.com/t5/Weekly-Challenge/Challenge-255-DATA-DRIVEN-COCKTAIL-RECIPE-Part-2/td-p/718894,Intermediate,"Data Investigation,Preparation,Predictive,Transform,Predictive Analysis"
256,Working Fore The Weekend,https://community.alteryx.com/t5/Weekly-Challenge/Challenge-256-Working-Fore-The-Weekend/td-p/721739,Intermediate,"Parse,Preparation,Data Analysis,Join,Transform"
257,Palindromes,https://community.alteryx.com/t5/Weekly-Challenge/Challenge-257-Palindromes/td-p/725057,Intermediate,"Preparation,Join,Transform,Macros,Interface"
258,Relatively Old,https://community.alteryx.com/t5/Weekly-Challenge/Challenge-258-Relatively-Old/td-p/729470,Basic,"Preparation,Data Preparation,Transform"
259,Disenvowel,https://community.alteryx.com/t5/Weekly-Challenge/Challenge-259-Disenvowel/td-p/733763,Intermediate,"Parse,Preparation,Join,Data Preparation,Transform"
260,Fuel Me Once...,https://community.alteryx.com/t5/Weekly-Challenge/Challenge-260-Fuel-Me-Once/td-p/737193,Intermediate,"Parse,Preparation,Data Analysis,Join,Transform"
261,Car Service Reminders,https://community.alteryx.com/t5/Weekly-Challenge/Challenge-261-Car-Service-Reminders/td-p/740437,Intermediate,"Preparation,Join,Data Preparation,Reporting,Transform"
262,With-invoice,https://community.alteryx.com/t5/Weekly-Challenge/Challenge-262-With-invoice/td-p/742857,Difficult,"Parse,Preparation,Join,Data Preparation,Transform"
263,Supernatural 7-Sphere,https://community.alteryx.com/t5/Weekly-Challenge/Challenge-263-Supernatural-7-Sphere/td-p/745680,Basic,"Preparation,Join,Apps,Interface"
264,Sliding Totals,https://community.alteryx.com/t5/Weekly-Challenge/Challenge-264-Sliding-Totals/td-p/748519,Intermediate,"Preparation,Data Analysis,Join,Transform"
265,Keep In Touch,https://community.alteryx.com/t5/Weekly-Challenge/Challenge-265-Keep-In-Touch/td-p/751254,Difficult,"Spatial,Parse,Preparation,Data Analysis,Join,Reporting,Transform"
266,Mother's Day Bouquet,https://community.alteryx.com/t5/Weekly-Challenge/Challenge-266-Mother-s-Day-Bouquet/td-p/753922,Intermediate,"Spatial Analysis,Spatial,Macros,Interface"
267,To Quote The Alphabet,https://community.alteryx.com/t5/Weekly-Challenge/Challenge-267-To-Quote-The-Alphabet/td-p/756811,Intermediate,"Parse,Preparation,Data Analysis,Join,Transform,Macros"
268,Definitely Not Made Up,https://community.alteryx.com/t5/Weekly-Challenge/Challenge-268-Definitely-Not-Made-Up/td-p/759862,Intermediate,"Preparation,Join,Data Preparation,Transform"
269,Population DenCities,https://community.alteryx.com/t5/Weekly-Challenge/Challenge-269-Population-DenCities/td-p/763477,"Basic,Intermediate,Difficult","Spatial,Preparation,Data Analysis"
270,Pony Permutations,https://community.alteryx.com/t5/Weekly-Challenge/Challenge-270-Pony-Permutations/td-p/766962,Basic,"Preparation,Data Analysis,Join,Transform"
271,Dynamic Double Dip,https://community.alteryx.com/t5/Weekly-Challenge/Challenge-271-Dynamic-Double-Dip/td-p/769252,Basic,"Parse,Preparation,Join,Data Preparation,Transform"
272,Configure It Out,https://community.alteryx.com/t5/Weekly-Challenge/Challenge-272-Configure-It-Out/td-p/772160,Basic,"Preparation,Join,Data Preparation,Reporting,Transform"
273,Filling In The Blanks,https://community.alteryx.com/t5/Weekly-Challenge/Challenge-273-Filling-In-The-Blanks/td-p/775225,Basic,"Preparation,Join,Data Preparation,Transform"
274,Concattributes,https://community.alteryx.com/t5/Weekly-Challenge/Challenge-274-Concattributes/td-p/778694,Basic,"Parse,Preparation,Join,Data Preparation"
275,Greatest Common Denominator,https://community.alteryx.com/t5/Weekly-Challenge/Challenge-275-Greatest-Common-Denominator/td-p/782511,Difficult,"Preparation,Data Analysis,Join,Transform"
276,Getting Star-ted,https://community.alteryx.com/t5/Weekly-Challenge/Challenge-276-Getting-Star-ted/td-p/785058,Basic,"Spatial Analysis,Spatial,Preparation,Join"
277,2016 Summer Olympics,https://community.alteryx.com/t5/Weekly-Challenge/Challenge-277-2016-Summer-Olympics/td-p/788106,Intermediate,"Parse,Preparation,Data Analysis,Join,Transform"
278,Women Athletes and The Olympics,https://community.alteryx.com/t5/Weekly-Challenge/Challenge-278-Women-Athletes-and-The-Olympics/td-p/791660,Intermediate,"Reporting and Visualization,Preparation,Data Analysis,Join,Reporting,Transform"
279,How many Olympic Games per Continent?,https://community.alteryx.com/t5/Weekly-Challenge/Challenge-279-How-many-Olympic-Games-per-Continent/td-p/795234,Intermediate,"Parse,Preparation,Data Analysis,Join,Transform"
280,Weather Permitting,https://community.alteryx.com/t5/Weekly-Challenge/Challenge-280-Weather-Permitting/td-p/798494,Intermediate,"Parse,Preparation,Data Analysis,Join,Transform"
281,Holidays,https://community.alteryx.com/t5/Weekly-Challenge/Challenge-281-Holidays/td-p/801909,Basic,"Preparation,Data Preparation,Transform"
282,Analyzing Earthquakes,https://community.alteryx.com/t5/Weekly-Challenge/Challenge-282-Analyzing-Earthquakes/td-p/805095,Intermediate,"Spatial Analysis,Reporting and Visualization,Spatial,Reporting"
283,The Summer Paralympic Games 2020,https://community.alteryx.com/t5/Weekly-Challenge/Challenge-283-The-Summer-Paralympic-Games-2020/td-p/808416,Basic,Data Preparation
284,Division with Macros,https://community.alteryx.com/t5/Weekly-Challenge/Challenge-284-Division-with-Macros/td-p/818696,Difficult,Macros
285,Around the world,https://community.alteryx.com/t5/Weekly-Challenge/Challenge-285-Around-the-world/td-p/821173,Intermediate,Reporting and Visualization
286,Who turned the lights off?,https://community.alteryx.com/t5/Weekly-Challenge/Challenge-286-Who-turned-the-lights-off/td-p/824155,Basic,Data Analysis
287,Find My Pet US,https://community.alteryx.com/t5/Weekly-Challenge/Challenge-287-Find-My-Pet-US/td-p/827204,Basic,"Spatial,Join,Data Preparation"
288,Client's Rating Analysis,https://community.alteryx.com/t5/Weekly-Challenge/Challenge-288-Client-s-Rating-Analysis/td-p/830054,Basic,"Data Analysis,Data Preparation"
289,Prep a Shoe List,https://community.alteryx.com/t5/Weekly-Challenge/Challenge-289-Prep-a-Shoe-List/td-p/833391,Intermediate,"Data Preparation,Data Parsing"
290,Unlock a World of Opportunities,https://community.alteryx.com/t5/Weekly-Challenge/Challenge-290-Unlock-a-World-of-Opportunities/td-p/835610,Intermediate,"Data Preparation,Data Parsing"
291,A Winning Halloween Candy Basket,https://community.alteryx.com/t5/Weekly-Challenge/Challenge-291-A-Winning-Halloween-Candy-Basket/td-p/838222,Basic,Data Preparation
292,"It's about Pivoting, Prepping and Reporting!",https://community.alteryx.com/t5/Weekly-Challenge/Challenge-292-It-s-about-Pivoting-Prepping-and-Reporting/td-p/841274,Intermediate,"Reporting and Visualization,Data Preparation"
293,Top 5 Artists,https://community.alteryx.com/t5/Weekly-Challenge/Challenge-293-Top-5-Artists/td-p/843703,Basic,"Data Analysis,Reporting and Visualization,Data Preparation"
294,Formula 1 Circuits,https://community.alteryx.com/t5/Weekly-Challenge/Challenge-294-Formula-1-Circuits/td-p/846341,Intermediate,"Spatial Analysis,Spatial,Preparation,Reporting"
295,Thanksgiving Feast,https://community.alteryx.com/t5/Weekly-Challenge/Challenge-295-Thanksgiving-Feast/td-p/848737,Basic,"Preparation,Data Preparation,Reporting,Transform"
296,Breaking News - Headlines and Keywords,https://community.alteryx.com/t5/Weekly-Challenge/Challenge-296-Breaking-News-Headlines-and-Keywords/td-p/850744,Basic,"Data Analysis,Data Preparation"
297,Rubik Cube,https://community.alteryx.com/t5/Weekly-Challenge/Challenge-297-Rubik-Cube/td-p/853335,Intermediate,"Preparation,Data Cleansing,Join,Data Preparation,Transform"
298,Christmas Treasure Box,https://community.alteryx.com/t5/Weekly-Challenge/Challenge-298-Christmas-Treasure-Box/td-p/879114,Basic,"Preparation,Join,Data Preparation,Transform"
299,Globetrotting Santa,https://community.alteryx.com/t5/Weekly-Challenge/Challenge-299-Globetrotting-Santa/td-p/882058,Intermediate,"Spatial Analysis,Spatial,Join,Reporting"
300,Where is the party?,https://community.alteryx.com/t5/Weekly-Challenge/Challenge-300-Where-is-the-party/td-p/884263,Basic,"Data Analysis,Data Preparation"
301,New Year's Resolutions,https://community.alteryx.com/t5/Weekly-Challenge/Challenge-301-New-Year-s-Resolutions/td-p/886145,Intermediate,"Preparation,Reporting and Visualization,Data Preparation,Reporting,Transform"
302,International Bank of Awesome Data - Part I,https://community.alteryx.com/t5/Weekly-Challenge/Challenge-302-International-Bank-of-Awesome-Data-Part-I/td-p/889009,Intermediate,"Data Analysis,Data Preparation"
303,International Bank of Awesome Data - Part II,https://community.alteryx.com/t5/Weekly-Challenge/Challenge-303-International-Bank-of-Awesome-Data-Part-II/td-p/892111,Intermediate,"Parse,Join,Macros,Interface"
304,International Bank of Awesome Data - Part III,https://community.alteryx.com/t5/Weekly-Challenge/Challenge-304-International-Bank-of-Awesome-Data-Part-III/td-p/894497,Intermediate,"Reporting and Visualization,Data Preparation,Macros,Interface"
305,International Bank of Awesome Data - Part IV,https://community.alteryx.com/t5/Weekly-Challenge/Challenge-305-International-Bank-of-Awesome-Data-Part-IV/td-p/897022,Basic,"Reporting and Visualization,Data Preparation,Reporting"
306,Corporate Superhero,https://community.alteryx.com/t5/Weekly-Challenge/Challenge-306-Corporate-Superhero/td-p/899696,Basic,"Preparation,Reporting and Visualization,Data Cleansing,Join,Transform"
307,Round-robin,https://community.alteryx.com/t5/Weekly-Challenge/Challenge-307-Round-robin/td-p/902423,Intermediate,"Apps,Macros,Interface"
308,Size it up,https://community.alteryx.com/t5/Weekly-Challenge/Challenge-308-Size-it-up/td-p/907602,Basic,"Preparation,Data Preparation"
309,Movie Catalogue,https://community.alteryx.com/t5/Weekly-Challenge/Challenge-309-Movie-Catalogue/td-p/910607,Basic,"Data Preparation,Reporting"
310,Maintenance Schedule,https://community.alteryx.com/t5/Weekly-Challenge/Challenge-310-Maintenance-Schedule/td-p/913603,Intermediate,"Data Analysis,Data Preparation"
311,Finding Whale Sharks,https://community.alteryx.com/t5/Weekly-Challenge/Challenge-311-Finding-Whale-Sharks/td-p/916699,Basic,Spatial
312,"Hours, Minutes and Seconds",https://community.alteryx.com/t5/Weekly-Challenge/Challenge-312-Hours-Minutes-and-Seconds/td-p/920286,Basic,Data Preparation
313,Base Converter,https://community.alteryx.com/t5/Weekly-Challenge/Challenge-313-Base-Converter/td-p/923774,Difficult,"Apps,Macros"
314,Hot Real Estate Markets,https://community.alteryx.com/t5/Weekly-Challenge/Challenge-314-Hot-Real-Estate-Markets/td-p/926125,Intermediate,"Data Analysis,Data Preparation"
315,The One Where Everyone Talked,https://community.alteryx.com/t5/Weekly-Challenge/Challenge-315-The-One-Where-Everyone-Talked/td-p/928446,Intermediate,Macros
316,Blowing in the Wind - Part 1,https://community.alteryx.com/t5/Weekly-Challenge/Challenge-316-Blowing-in-the-Wind-Part-1/td-p/930888,Basic,"Data Preparation,Data Parsing"
317,Blowing in the Wind - Part 2,https://community.alteryx.com/t5/Weekly-Challenge/Challenge-317-Blowing-in-the-Wind-Part-2/td-p/933431,Intermediate,"Reporting and Visualization,Data Parsing"
319,Sports Spots,https://community.alteryx.com/t5/Weekly-Challenge/Challenge-319-Sports-Spots/td-p/939158,Intermediate,"Data Analysis,Data Preparation,Transform"
320,Women Representation in Politics,https://community.alteryx.com/t5/Weekly-Challenge/Challenge-320-Women-Representation-in-Politics/td-p/942755,Basic,"Data Preparation,Reporting"
321,Eurovision,https://community.alteryx.com/t5/Weekly-Challenge/Challenge-321-Eurovision/td-p/945433,Intermediate,"Parse,Data Preparation"
322,Good Ladies Heist,https://community.alteryx.com/t5/Weekly-Challenge/Challenge-322-Good-Ladies-Heist/td-p/948614,Intermediate,"Data Preparation,Data Parsing"
